<?xml version="1.0" encoding="UTF-8" standalone="yes"?>
<addon id="repository.kodi-jap-subs" name="Japanese Learning Subtitles Repository" version="1.0.0" provider-name="Xpitfire">
    <requires>
        <import addon="xbmc.addon" version="12.0.0"/>
    </requires>
    <extension point="xbmc.addon.repository" name="Japanese Learning Subtitles Repository">
        <info compressed="false">https://xpitfire.github.io/kodi-jap-subs/addons.xml</info>
        <checksum>https://xpitfire.github.io/kodi-jap-subs/addons.xml.md5</checksum>
        <datadir zip="true">https://xpitfire.github.io/kodi-jap-subs</datadir>
    </extension>
    <extension point="xbmc.addon.metadata">
        <summary>Repository for Japanese Learning Subtitles Addon</summary>
        <description>Install Japanese Learning Subtitles addon for real-time subtitle generation and translation</description>
        <platform>all</platform>
        <assets>
            <icon>icon.png</icon>
            <fanart>fanart.jpg</fanart>
        </assets>
    </extension>
</addon>